001_aokimasanami,AOKI MASANAMI,青木 聖波,青木 聖波,,f,
002_agedamasaki,AGEDA MASAKI,安慶田 真樹,安慶田 真樹,,f,
003_aljamaeujintakizawa,ALJAMA EUJIN,アルジャマ 勇心,アルジャマ 勇心,,f,
004_andotomoaki,ANDO TOMOAKI,安藤 誠明,安藤 誠明,,f,
005_andoyu,ANDO YU,安藤 優,安藤 優,,f,
006_leeminhyuk,LEEMINHYUK ,イ・ミンヒョク ,イ・ミンヒョク ,,f,
007_ikumihiroto,IKUMI HIROTO,井汲 大翔,井汲 大翔,,f,
008_ikemotomasayoshi,IKEMOTO MASAYOSHI,池本 正義,池本 正義,,f,
009_ishiikentaro,ISHII KENTARO,石井 健太郎,石井 健太郎,,f,
010_ishiiyuki,ISHII YUKI,石井 祐輝,石井 祐輝,,f,
011_isohatahayato,ISOHATA HAYATO,五十畑 颯斗,五十畑 颯斗,,f,
012_inayoshihikari,INAYOSHI HIKARI,稲吉 ひかり,稲吉 ひかり,,f,
013_inoueminato,INOUE MINATO,井上 港人,井上 港人,,f,
014_imanishimasahiko,IMANISHI MASAHIKO,今西 正彦,今西 正彦,,f,
015_iwasakiryuto,IWASAKI RYUTO,岩崎 琉斗,岩崎 琉斗,,f,
016_ueharajun,UEHARA JUN,上原 潤,上原 潤,,f,
017_uchidashuto,UCHIDA SHUTO,内田 脩斗,内田 脩斗,,f,
018_uranoshuta,URANO SHUTA,浦野 秀太,浦野 秀太,,f,
019_okawareiya,OKAWA REIYA,大川 澪哉,大川 澪哉,,f,
020_osawashunya,OSAWA SHUNYA,大澤 駿弥,大澤 駿弥,,f,
021_ohirashosei,OHIRA SHOSEI,大平 祥生,大平 祥生,,f,
022_omizurikuto,OMIZU RIKUTO,大水 陸渡,大水 陸渡,,f,
023_okadatakehiro,OKADA TAKEHIRO,岡田 武大,岡田 武大,,f,
024_okanokaito,OKANO KAITO,岡野 海斗,岡野 海斗,,f,
025_ozawanaoki,OZAWA NAOKI,男澤 直樹,男澤 直樹,,f,
026_katagamiyushi,KATAGAMI YUSHI,片上 勇士,片上 勇士,,f,
028_kawashiriren,KAWASHIRI REN,川尻 蓮,川尻 蓮,,f,
029_kawanishitakumi,KAWANISHI TAKUMI,川西 拓実,川西 拓実,,f,
030_kannomasahiro,KANNO MASAHIRO,菅野 雅浩,菅野 雅浩,,f,
031_kitaokakento,KITAOKA KENTO,北岡 謙人,北岡 謙人,,f,
032_kitagawahikaru,KITAGAWA HIKARU,北川 暉,北川 暉,,f,
033_kitagawareito,KITAGAWA REITO,北川 玲叶,北川 玲叶,,f,
034_kiharataichi,KIHARA TAICHI,木原 汰一,木原 汰一,,f,
035_kimatasyoya,KIMATA SYOYA,木全 翔也,木全 翔也,,f,
036_kimheecheon,KIMHEECHEON ,キム・ヒチョン ,キム・ヒチョン ,,f,
037_kimyoundong,KIMYOUNDONG ,キム・ユンドン ,キム・ユンドン ,,f,
038_kinjosukai,KINJO SUKAI,金城 碧海,金城 碧海,,f,
039_kusachiryono,KUSACHI RYONO,草地 稜之,草地 稜之,,f,
040_gutiereztakeru,GUTIEREZ TAKERU,グチェレス タケル,グチェレス タケル,,f,
041_kumazawafumiya,KUMAZAWA FUMIYA,熊澤 歩哉,熊澤 歩哉,,f,
042_kurokawaryusei,KUROKAWA RYUSEI,黒川 竜聖,黒川 竜聖,,f,
043_konojunki,KONO JUNKI,河野 純喜,河野 純喜,,f,
044_kogakazuma,KOGA KAZUMA,古賀 一馬,古賀 一馬,,f,
045_komajakuyuki,KOMAJAKU YUKI,駒尺 雄樹,駒尺 雄樹,,f,
046_komatsukoshin,KOMATSU KOSHIN,小松 倖真,小松 倖真,,f,
047_koyamashogo,KOYAMA SHOGO,小山 省吾,小山 省吾,,f,
048_sasakimao,SASAKI MAO,佐々木 真生,佐々木 真生,,f,
050_satoraira,SATO RAIRA,佐藤 來良,佐藤 來良,,f,
051_satoryuji,SATO RYUJI,佐藤 隆士,佐藤 隆士,,f,
052_satokeigo,SATO KEIGO,佐藤 景瑚,佐藤 景瑚,,f,
053_sanofumiya,SANO FUMIYA,佐野 文哉,佐野 文哉,,f,
054_shiroiwaruki,SHIROIWA RUKI,白岩 瑠姫,白岩 瑠姫,,f,
055_suzukishinjun,SUZUKI SHINJUN,鈴木 晨順,鈴木 晨順,,f,
056_suzukimiyabi,SUZUKI MIYABI,鈴木 雅,鈴木 雅,,f,
057_suzukigen,SUZUKI GEN,鈴木 玄,鈴木 玄,,f,
058_takanoakira,TAKANO AKIRA,高野 慧,高野 慧,,f,
059_takizawatsubasa,TAKIZAWA TSUBASA,瀧澤 翼,瀧澤 翼,,f,
060_taguchikeiya,TAGUCHI KEIYA,田口 馨也,田口 馨也,,f,
061_tanakayuya,TANAKA YUYA,田中 雄也,田中 雄也,,f,
062_jeongyounghoon,JEONG YOUNGHOON ,チョン・ヨンフン ,チョン・ヨンフン ,,f,
063_tsuruboshion,TSURUBO SHION,鶴房 汐恩,鶴房 汐恩,,f,
064_terashikei,TERASHI KEI,寺師 敬,寺師 敬,,f,
065_togoyoshiki,TOGO YOSHIKI,東郷 良樹,東郷 良樹,,f,
066_tokonamishion,TOKONAMI SHION,床波 志音,床波 志音,,f,
067_nakagawaginsuke,NAKAGAWA GINSUKE,中川 吟亮,中川 吟亮,,f,
068_nakagawakatsunari,NAKAGAWA KATSUNARI,中川 勝就,中川 勝就,,f,
069_nakazatosora,NAKAZATO SORA,中里 空,中里 空,,f,
070_nakatanihyuga,NAKATANI HYUGA,中谷 日向,中谷 日向,,f,
071_nakanishinaoki,NAKANISHI NAOKI,中西 直樹,中西 直樹,,f,
072_nakanoryunosuke,NAKANO RYUNOSUKE,中野 龍之介,中野 龍之介,,f,
073_nakabayashitoi,NAKABAYASHI TOI,中林 登生,中林 登生,,f,
074_nakamototaiga,NAKAMOTO TAIGA,中本 大賀,中本 大賀,,f,
075_nishiryotaro,NISHI RYOTARO,西 涼太郎,西 涼太郎,,f,
076_nishiokoki,NISHIO KOKI,西尾 航暉,西尾 航暉,,f,
077_nishinotomoya,NISHINO TOMOYA,西野 友也,西野 友也,,f,
078_nishiyamakazuki,NISHIYAMA KAZUKI,西山 和貴,西山 和貴,,f,
079_hasegawareo,HASEGAWA REO,長谷川 怜央,長谷川 怜央,,f,
080_hatakengo,HATA KENGO,秦 健豪,秦 健豪,,f,
081_hatakenya,HATA KENYA,畑 顕矢,畑 顕矢,,f,
082_hayashiryuta,HAYASHI RYUTA,林 龍太,林 龍太,,f,
083_fukuchisho,FUKUCHI SHO,福地 正,福地 正,,f,
084_furuyaakihito,FURUYA AKIHITO,古屋 亮人,古屋 亮人,,f,
085_hondakosuke,HONDA KOSUKE,本田 康祐,本田 康祐,,f,
086_matsukuraharuka,MATSUKURA HARUKA,松倉 悠,松倉 悠,,f,
087_mameharaissei,MAMEHARA ISSEI,豆原 一成,豆原 一成,,f,
088_migakidakanta,MIGAKIDA KANTA,磨田 寛大,磨田 寛大,,f,
089_mitsuiryo,MITSUI RYO,三井 瞭,三井 瞭,,f,
090_miyazatotatsutoshi,MIYAZATO TATSUTOSHI,宮里 龍斗志,宮里 龍斗志,,f,
091_miyajimayugo,MIYAJIMA YUGO,宮島  優心,宮島  優心,,f,
092_morishinjiro,MORI SHINJIRO,森 慎二郎,森 慎二郎,,f,
093_yamadasatoshi,YAMADA SATOSHI,山田 聡,山田 聡,,f,
094_yamadakyo,YAMADA KYO,山田 恭,山田 恭,,f,
095_yamamotokenta,YAMAMOTO KENTA,山本 健太,山本 健太,,f,
096_yukitatsuki,YUKI TATSUKI,結城  樹,結城  樹,,f,
097_yonashirosho,YONASHIRO SHO,與那城 奨,與那城 奨,,f,
098_yoneharashohei,YONEHARA SHOHEI,米原 尚平,米原 尚平,,f,
099_watanabekoki,WATANABE KOKI,渡邊 公貴,渡邊 公貴,,f,
100_watanabetaiki,WATANABE TAIKI,渡邊 大貴,渡邊 大貴,,f,
101_watanaberyusei,WATANABE RYUSEI,渡辺 龍星,渡辺 龍星,,f,
